,index,RMSE,MAE,R2
0,XGBoost,22730.366245766185,18379.166666666668,0.9817690273475503
1,LSTM,19865.954132216586,15685.416666666666,0.9860743386500691
2,RandomForest,16611.08934316671,13695.0,0.9902637167274903
3,LinearRegression,16221.040790693221,12433.0,0.9907155879704752
4,ARIMA,14959.893464767041,11265.335750106897,0.9835642876266992
